{
  "design": {
    "budgets": [
      5,
      10,
      15,
      25,
      40,
      60,
      80
    ],
    "arms": [
      "haiku/incident",
      "gpt/incident",
      "grok/clinical",
      "gpt/clinical"
    ],
    "reference": "grok/incident (cached Phase B curve)",
    "prereg": "prereg_budgetline.md"
  },
  "per_arm": {
    "haiku/incident": {
      "curve": {
        "5": {
          "n": 30,
          "S": 0.03333333333333333,
          "J": 0.03333333333333333,
          "decision": 0.43333333333333335,
          "realized_words": 6.633333333333334,
          "eff_retained": 1.0,
          "eff_lost": 0.0
        },
        "10": {
          "n": 30,
          "S": 0.03333333333333333,
          "J": 0.06666666666666667,
          "decision": 0.8666666666666667,
          "realized_words": 12.866666666666667,
          "eff_retained": 1.0,
          "eff_lost": 0.034482758620689655
        },
        "15": {
          "n": 30,
          "S": 0.23333333333333334,
          "J": 0.2,
          "decision": 0.9333333333333333,
          "realized_words": 18.933333333333334,
          "eff_retained": 0.8571428571428571,
          "eff_lost": 0.0
        },
        "25": {
          "n": 30,
          "S": 0.5,
          "J": 0.4,
          "decision": 0.9,
          "realized_words": 33.2,
          "eff_retained": 0.8,
          "eff_lost": 0.0
        },
        "40": {
          "n": 30,
          "S": 0.6333333333333333,
          "J": 0.5,
          "decision": 0.9666666666666667,
          "realized_words": 53.13333333333333,
          "eff_retained": 0.7894736842105263,
          "eff_lost": 0.0
        },
        "60": {
          "n": 30,
          "S": 0.6,
          "J": 0.5,
          "decision": 0.7,
          "realized_words": 68.4,
          "eff_retained": 0.8333333333333334,
          "eff_lost": 0.0
        },
        "80": {
          "n": 30,
          "S": 0.7333333333333333,
          "J": 0.5333333333333333,
          "decision": 0.7666666666666667,
          "realized_words": 80.43333333333334,
          "eff_retained": 0.7272727272727273,
          "eff_lost": 0.0
        }
      },
      "max_gap": 0.2,
      "applicable_P_L2": true,
      "slope": 0.7325,
      "intercept": 0.0295,
      "r2": 0.9902,
      "P_L1_pointwise": false,
      "P_L2_unitline": false,
      "law_holds": false
    },
    "gpt/incident": {
      "curve": {
        "5": {
          "n": 30,
          "S": 0.0,
          "J": 0.06666666666666667,
          "decision": 1.0,
          "realized_words": 5.466666666666667,
          "eff_retained": null,
          "eff_lost": 0.06666666666666667
        },
        "10": {
          "n": 30,
          "S": 0.0,
          "J": 0.1,
          "decision": 1.0,
          "realized_words": 10.366666666666667,
          "eff_retained": null,
          "eff_lost": 0.1
        },
        "15": {
          "n": 30,
          "S": 0.03333333333333333,
          "J": 0.23333333333333334,
          "decision": 0.9666666666666667,
          "realized_words": 15.3,
          "eff_retained": 1.0,
          "eff_lost": 0.20689655172413793
        },
        "25": {
          "n": 30,
          "S": 0.23333333333333334,
          "J": 0.26666666666666666,
          "decision": 0.8,
          "realized_words": 30.633333333333333,
          "eff_retained": 0.8571428571428571,
          "eff_lost": 0.08695652173913043
        },
        "40": {
          "n": 30,
          "S": 0.7,
          "J": 0.7666666666666667,
          "decision": 0.9666666666666667,
          "realized_words": 51.266666666666666,
          "eff_retained": 0.9523809523809523,
          "eff_lost": 0.3333333333333333
        },
        "60": {
          "n": 30,
          "S": 0.8666666666666667,
          "J": 0.9333333333333333,
          "decision": 0.9666666666666667,
          "realized_words": 65.76666666666667,
          "eff_retained": 1.0,
          "eff_lost": 0.5
        },
        "80": {
          "n": 30,
          "S": 0.9666666666666667,
          "J": 0.9666666666666667,
          "decision": 0.9666666666666667,
          "realized_words": 83.56666666666666,
          "eff_retained": 1.0,
          "eff_lost": 0.0
        }
      },
      "max_gap": 0.2,
      "applicable_P_L2": true,
      "slope": 0.915,
      "intercept": 0.1102,
      "r2": 0.9833,
      "P_L1_pointwise": false,
      "P_L2_unitline": false,
      "law_holds": false
    },
    "grok/clinical": {
      "curve": {
        "5": {
          "n": 30,
          "S": 0.0,
          "J": 0.03333333333333333,
          "decision": 1.0,
          "realized_words": 5.333333333333333,
          "eff_retained": null,
          "eff_lost": 0.03333333333333333
        },
        "10": {
          "n": 30,
          "S": 0.16666666666666666,
          "J": 0.2,
          "decision": 0.9666666666666667,
          "realized_words": 9.766666666666667,
          "eff_retained": 1.0,
          "eff_lost": 0.04
        },
        "15": {
          "n": 30,
          "S": 0.5,
          "J": 0.6,
          "decision": 0.9333333333333333,
          "realized_words": 19.0,
          "eff_retained": 1.0,
          "eff_lost": 0.2
        },
        "25": {
          "n": 30,
          "S": 0.9666666666666667,
          "J": 0.9666666666666667,
          "decision": 1.0,
          "realized_words": 35.06666666666667,
          "eff_retained": 1.0,
          "eff_lost": 0.0
        },
        "40": {
          "n": 30,
          "S": 1.0,
          "J": 1.0,
          "decision": 1.0,
          "realized_words": 44.63333333333333,
          "eff_retained": 1.0,
          "eff_lost": null
        },
        "60": {
          "n": 30,
          "S": 1.0,
          "J": 1.0,
          "decision": 1.0,
          "realized_words": 52.233333333333334,
          "eff_retained": 1.0,
          "eff_lost": null
        },
        "80": {
          "n": 30,
          "S": 1.0,
          "J": 1.0,
          "decision": 1.0,
          "realized_words": 57.2,
          "eff_retained": 1.0,
          "eff_lost": null
        }
      },
      "max_gap": 0.1,
      "applicable_P_L2": true,
      "slope": 0.9522,
      "intercept": 0.0555,
      "r2": 0.9946,
      "P_L1_pointwise": true,
      "P_L2_unitline": true,
      "law_holds": true
    },
    "gpt/clinical": {
      "curve": {
        "5": {
          "n": 30,
          "S": 0.0,
          "J": 0.06666666666666667,
          "decision": 0.9666666666666667,
          "realized_words": 4.9,
          "eff_retained": null,
          "eff_lost": 0.06666666666666667
        },
        "10": {
          "n": 30,
          "S": 0.06666666666666667,
          "J": 0.16666666666666666,
          "decision": 0.9666666666666667,
          "realized_words": 10.1,
          "eff_retained": 1.0,
          "eff_lost": 0.10714285714285714
        },
        "15": {
          "n": 30,
          "S": 0.3,
          "J": 0.36666666666666664,
          "decision": 0.9333333333333333,
          "realized_words": 17.466666666666665,
          "eff_retained": 1.0,
          "eff_lost": 0.09523809523809523
        },
        "25": {
          "n": 30,
          "S": 0.8333333333333334,
          "J": 0.8666666666666667,
          "decision": 0.9333333333333333,
          "realized_words": 36.166666666666664,
          "eff_retained": 1.0,
          "eff_lost": 0.2
        },
        "40": {
          "n": 30,
          "S": 1.0,
          "J": 1.0,
          "decision": 1.0,
          "realized_words": 52.9,
          "eff_retained": 1.0,
          "eff_lost": null
        },
        "60": {
          "n": 30,
          "S": 1.0,
          "J": 1.0,
          "decision": 1.0,
          "realized_words": 61.43333333333333,
          "eff_retained": 1.0,
          "eff_lost": null
        },
        "80": {
          "n": 30,
          "S": 1.0,
          "J": 1.0,
          "decision": 1.0,
          "realized_words": 75.5,
          "eff_retained": 1.0,