{
 "v1/grok/incident": {
  "curve": {
   "5": [
    0.0,
    0.13333333333333333,
    30
   ],
   "10": [
    0.16666666666666666,
    0.16666666666666666,
    30
   ],
   "15": [
    0.3333333333333333,
    0.26666666666666666,
    30
   ],
   "25": [
    0.6333333333333333,
    0.6,
    30
   ],
   "40": [
    0.8666666666666667,
    0.8666666666666667,
    30
   ],
   "60": [
    0.9,
    0.8666666666666667,
    30
   ],
   "80": [
    0.9666666666666667,
    0.9,
    30
   ]
  },
  "verdict": {
   "max_gap": 0.1333,
   "slope": 0.8878,
   "intercept": 0.0525,
   "r2": 0.9767,
   "applicable": true,
   "P_L1": false,
   "P_L2": true,
   "law": false,
   "n_budgets": 7
  }
 },
 "v1/haiku/incident": {
  "curve": {
   "5": [
    0.03333333333333333,
    0.03333333333333333,
    30
   ],
   "10": [
    0.03333333333333333,
    0.06666666666666667,
    30
   ],
   "15": [
    0.23333333333333334,
    0.2,
    30
   ],
   "25": [
    0.5,
    0.4,
    30
   ],
   "40": [
    0.6333333333333333,
    0.5,
    30
   ],
   "60": [
    0.6,
    0.5,
    30
   ],
   "80": [
    0.7333333333333333,
    0.5333333333333333,
    30
   ]
  },
  "verdict": {
   "max_gap": 0.2,
   "slope": 0.7325,
   "intercept": 0.0295,
   "r2": 0.9902,
   "applicable": true,
   "P_L1": false,
   "P_L2": false,
   "law": false,
   "n_budgets": 7
  }
 },
 "v1/gpt/incident": {
  "curve": {
   "5": [
    0.0,
    0.06666666666666667,
    30
   ],
   "10": [
    0.0,
    0.1,
    30
   ],
   "15": [
    0.03333333333333333,
    0.23333333333333334,
    30
   ],
   "25": [
    0.23333333333333334,
    0.26666666666666666,
    30
   ],
   "40": [
    0.7,
    0.7666666666666667,
    30
   ],
   "60": [
    0.8666666666666667,
    0.9333333333333333,
    30
   ],
   "80": [
    0.9666666666666667,
    0.9666666666666667,
    30
   ]
  },
  "verdict": {
   "max_gap": 0.2,
   "slope": 0.915,
   "intercept": 0.1102,
   "r2": 0.9833,
   "applicable": true,
   "P_L1": false,
   "P_L2": false,
   "law": false,
   "n_budgets": 7
  }
 },
 "v1/grok/clinical": {
  "curve": {
   "5": [
    0.0,
    0.03333333333333333,
    30
   ],
   "10": [
    0.16666666666666666,
    0.2,
    30
   ],
   "15": [
    0.5,
    0.6,
    30
   ],
   "25": [
    0.9666666666666667,
    0.9666666666666667,
    30
   ],
   "40": [
    1.0,
    1.0,
    30
   ],
   "60": [
    1.0,
    1.0,
    30
   ],
   "80": [
    1.0,
    1.0,
    30
   ]
  },
  "verdict": {
   "max_gap": 0.1,
   "slope": 0.9522,
   "intercept": 0.0555,
   "r2": 0.9946,
   "applicable": true,
   "P_L1": true,
   "P_L2": true,
   "law": true,
   "n_budgets": 7
  }
 },
 "v1/gpt/clinical": {
  "curve": {
   "5": [
    0.0,
    0.06666666666666667,
    30
   ],
   "10": [
    0.06666666666666667,
    0.16666666666666666,
    30
   ],
   "15": [
    0.3,
    0.36666666666666664,
    30
   ],
   "25": [
    0.8333333333333334,
    0.8666666666666667,
    30
   ],
   "40": [
    1.0,
    1.0,
    30
   ],
   "60": [
    1.0,
    1.0,
    30
   ],
   "80": [
    1.0,
    1.0,
    30
   ]
  },
  "verdict": {
   "max_gap": 0.1,
   "slope": 0.9168,
   "intercept": 0.088,
   "r2": 0.999,
   "applicable": true,
   "P_L1": true,
   "P_L2": false,
   "law": false,
   "n_budgets": 7
  }
 },
 "v1/campaign": {
  "arms_passing": 1,
  "clinical_pass": true,
  "law_survives": false
 },
 "v2/grok/incident": {
  "curve": {
   "5": [
    0.0,
    0.13333333333333333,
    30
   ],
   "10": [
    0.16666666666666666,
    0.16666666666666666,
    30
   ],
   "15": [
    0.3333333333333333,
    0.26666666666666666,
    30
   ],
   "25": [
    0.6333333333333333,
    0.6,
    30
   ],
   "40": [
    0.8666666666666667,
    0.8666666666666667,
    30
   ],
   "60": [
    0.9,
    0.8666666666666667,
    30
   ],
   "80": [
    0.9666666666666667,
    0.9,
    30
   ]
  },
  "verdict": {
   "max_gap": 0.1333,
   "slope": 0.8878,
   "intercept": 0.0525,
   "r2": 0.9767,
   "applicable": true,
   "P_L1": false,
   "P_L2": true,
   "law": false,
   "n_budgets": 7
  }
 },
 "v2/haiku/incident": {
  "curve": {
   "5": [
    0.03333333333333333,
    0.03333333333333333,
    30
   ],
   "10": [
    0.03333333333333333,
    0.06666666666666667,
    30
   ],
   "15": [
    0.23333333333333334,
    0.26666666666666666,
    30
   ],
   "25": [
    0.5,
    0.5666666666666667,
    30
   ],
   "40": [
    0.6333333333333333,
    0.7333333333333333,
    30
   ],
   "60": [
    0.6,
    0.7666666666666667,
    30
   ],
   "80": [
    0.7333333333333333,
    0.9,
    30
   ]
  },
  "verdict": {
   "max_gap": 0.1667,
   "slope": 1.2027,
   "intercept": 0.0008,
   "r2": 0.9929,
   "applicable": true,
   "P_L1": false,
   "P_L2": false,
   "law": false,
   "n_budgets": 7
  }
 },
 "v2/gpt/incident": {
  "curve": {
   "5": [
    0.0,
    0.06666666666666667,
    30
   ],
   "10": [
    0.0,
    0.1,
    30
   ],
   "15": [
    0.03333333333333333,
    0.23333333333333334,
    30
   ],
   "25": [
    0.23333333333333334,
    0.26666666666666666,
    30
   ],
   "40": [
    0.7,
    0.7666666666666667,
    30
   ],
   "60": [
    0.8666666666666667,
    0.9333333333333333,
    30
   ],
   "80": [
    0.9666666666666667,
    0.9666666666666667,
    30
   ]
  },
  "verdict": {
   "max_gap": 0.2,
   "slope": 0.915,
   "intercept": 0.1102,
   "r2": 0.9833,
   "applicable": true,
   "P_L1": false,
   "P_L2": false,
   "law": false,
   "n_budgets": 7
  }
 },
 "v2/grok/clinical": {
  "curve": {
   "5": [
    0.0,
    0.03333333333333333,
    30
   ],
   "10": [
    0.16666666666666666,
    0.2,
    30
   ],
   "15": [
    0.5,
    0.6,
    30
   ],
   "25": [
    0.9666666666666667,
    0.9666666666666667,
    30
   ],
   "40": [
    1.0,
    1.0,
    30
   ],
   "60": [
    1.0,
    1.0,
    30
   ],
   "80": [
    1.0,
    1.0,
    30
   ]
  },
  "verdict": {
   "max_gap": 0.1,
   "slope": 0.9522,
   "intercept": 0.0555,
   "r2": 0.9946,
   "applicable": true,
   "P_L1": true,
   "P_L2": true,
   "law": true,
   "n_budgets": 7
  }
 },
 "v2/gpt/clinical": {
  "curve": {
   "5": [
    0.0,
    0.06666666666666667,
    30
   ],
   "10": [
    0.06666666666666667,
    0.16666666666666666,
    30
   ],
   "15": [
    0.3,
    0.36666666666666664,
    30
   ],
   "25": [
    0.8333333333333334,
    0.8666666666666667,
    30
   ],
   "40": [
    1.0,
    1.0,
    30
   ],
   "60": [
    1.0,
    1.0,
    30
   ],
   "80": [
    1.0,
    1.0,
    30
   ]
  },
  "verdict": {
   "max_gap": 0.1,
   "slope": 0.9168,
   "intercept": 0.088,
   "r2": 0.999,
   "applicable": true,
   "P_L1": true,
   "P_L2": false,
   "law": false,
   "n_budgets": 7
  }
 },
 "v2/campaign": {
  "arms_passing": 1,
  "clinical_pass": true,
  "law_survives": false
 }
}